Sydney IX,Sydney IX,Sydney-IX
Brisbane IX,Brisbane IX,Brisbane-IX
Melbourne IX,Melbourne IX,Melbourne-IX
Singapore IX,Singapore IX,Singapore-IX
Auckland IX,Auckland IX,Auckland-IX
Hong Kong IX,Hong Kong IX,Hong-Kong-IX
Chicago IX,Chicago IX,Chicago-IX
Bay Area IX,Bay Area IX,Bay-Area-IX
Seattle IX,Seattle IX,Seattle-IX
Los Angeles IX,Los Angeles IX,Los-Angeles-IX
Ashburn IX,Ashburn IX,Ashburn-IX
New York IX,New York IX,New-York-IX
Dallas IX,Dallas IX,Dallas-IX
Toronto IX,Toronto IX,Toronto-IX
Perth IX,Perth IX,Perth-IX
